{
  "model": {
    "type": "minecraft:range_dispatch",
    "property": "minecraft:custom_model_data",
    "component": "minecraft:custom_name",
    "on_true": {
      "type": "minecraft:select",
      "property": "minecraft:component",
      "component": "minecraft:custom_name",
      "cases": [
        {
          "when": "Golden Monkey",
          "model": {
            "type": "minecraft:model",
            "model": "minecraft:models/item/monkey"
          }
        }
      ],
      "fallback": {
        "type": "minecraft:model",
        "model": "minecraft:block/carved_pumpkin"
      }
    },
    "on_false": {
      "type": "minecraft:model",
      "model": "minecraft:block/carved_pumpkin"
    },
    "entries": [
      {
        "threshold": 2,
        "model": {
          "type": "minecraft:model",
          "model": "item/black_monkey"
        }
      },
      {
        "threshold": 1,
        "model": {
          "type": "minecraft:model",
          "model": "item/golden_monkey"
        }
      }
    ],
    "fallback": {
      "type": "minecraft:model",
      "model": "minecraft:block/carved_pumpkin"
    }
  }
}