{
	"format_version": "1.21.11",
	"credit": "Arco23",
	"texture_size": [64, 64],
	"textures": {
		"9": "item/golden_monkey"
	},
	"elements": [
		{
			"name": "body",
			"from": [5, 4.25, -2],
			"to": [11, 9.25, 8],
			"rotation": {"x": -47.5, "y": 0, "z": 180, "origin": [8, 6.75, 3]},
			"faces": {
				"north": {"uv": [2.5, 2.5, 4, 3.75], "texture": "#9"},
				"east": {"uv": [0, 2.5, 2.5, 3.75], "texture": "#9"},
				"south": {"uv": [6.5, 2.5, 8, 3.75], "texture": "#9"},
				"west": {"uv": [4, 2.5, 6.5, 3.75], "texture": "#9"},
				"up": {"uv": [4, 2.5, 2.5, 0], "texture": "#9"},
				"down": {"uv": [5.5, 0, 4, 2.5], "texture": "#9"}
			}
		},
		{
			"from": [4, 11.25, -1.75],
			"to": [6, 13.25, -0.75],
			"rotation": {"angle": 0, "axis": "y", "origin": [4, 11.25, -1.75]},
			"faces": {
				"north": {"uv": [4.25, 8, 4.75, 8.5], "texture": "#9"},
				"east": {"uv": [4, 8, 4.25, 8.5], "texture": "#9"},
				"south": {"uv": [5, 8, 5.5, 8.5], "texture": "#9"},
				"west": {"uv": [4.75, 8, 5, 8.5], "texture": "#9"},
				"up": {"uv": [4.75, 8, 4.25, 7.75], "texture": "#9"},
				"down": {"uv": [5.25, 7.75, 4.75, 8], "texture": "#9"}
			}
		},
		{
			"from": [10, 11.25, -1.75],
			"to": [12, 13.25, -0.75],
			"rotation": {"angle": 0, "axis": "y", "origin": [10, 11.25, -1.75]},
			"faces": {
				"north": {"uv": [4.75, 8, 4.25, 8.5], "texture": "#9"},
				"east": {"uv": [5, 8, 4.75, 8.5], "texture": "#9"},
				"south": {"uv": [5.5, 8, 5, 8.5], "texture": "#9"},
				"west": {"uv": [4.25, 8, 4, 8.5], "texture": "#9"},
				"up": {"uv": [4.25, 8, 4.75, 7.75], "texture": "#9", "cullface": "south"},
				"down": {"uv": [4.75, 7.75, 5.25, 8], "texture": "#9"}
			}
		},
		{
			"name": "head",
			"from": [5.5, 9.25, -3.75],
			"to": [10.5, 14.25, 1.25],
			"rotation": {"angle": 0, "axis": "y", "origin": [8, 1.25, 10.25]},
			"faces": {
				"north": {"uv": [7.75, 5, 9, 6.25], "texture": "#9"},
				"east": {"uv": [6.5, 5, 7.75, 6.25], "texture": "#9"},
				"south": {"uv": [10.25, 5, 11.5, 6.25], "texture": "#9"},
				"west": {"uv": [9, 5, 10.25, 6.25], "texture": "#9"},
				"up": {"uv": [9, 5, 7.75, 3.75], "texture": "#9"},
				"down": {"uv": [10.25, 3.75, 9, 5], "texture": "#9"}
			}
		},
		{
			"name": "head",
			"from": [6.5, 9.5, -4.25],
			"to": [9.5, 11.5, -3.25],
			"rotation": {"angle": 0, "axis": "y", "origin": [8, 0.5, 10.75]},
			"faces": {
				"north": {"uv": [4.25, 7.25, 5, 7.75], "texture": "#9"},
				"east": {"uv": [4, 7.25, 4.25, 7.75], "texture": "#9"},
				"south": {"uv": [5.25, 7.25, 6, 7.75], "texture": "#9"},
				"west": {"uv": [5, 7.25, 5.25, 7.75], "texture": "#9"},
				"up": {"uv": [5, 7.25, 4.25, 7], "texture": "#9"},
				"down": {"uv": [5.75, 7, 5, 7.25], "texture": "#9"}
			}
		},
		{
			"name": "leg1",
			"from": [9.5, -0.75, 1.25],
			"to": [11.5, 5.25, 3.25],
			"rotation": {"x": 90, "y": -5, "z": 0, "origin": [10.5, 2.25, 2.25]},
			"faces": {
				"north": {"uv": [1, 7.5, 0.5, 9], "texture": "#9"},
				"east": {"uv": [1.5, 7.5, 1, 9], "texture": "#9"},
				"south": {"uv": [2, 7.5, 1.5, 9], "texture": "#9"},
				"west": {"uv": [0.5, 7.5, 0, 9], "texture": "#9"},
				"up": {"uv": [0.5, 7.5, 1, 7], "texture": "#9"},
				"down": {"uv": [1, 7, 1.5, 7.5], "texture": "#9"}
			}
		},
		{
			"name": "leg2",
			"from": [4.5, -0.75, 1.25],
			"to": [6.5, 5.25, 3.25],
			"rotation": {"x": 90, "y": 5, "z": 0, "origin": [5.5, 2.25, 2.25]},
			"faces": {
				"north": {"uv": [0.5, 7.5, 1, 9], "texture": "#9"},
				"east": {"uv": [0, 7.5, 0.5, 9], "texture": "#9"},
				"south": {"uv": [1.5, 7.5, 2, 9], "texture": "#9"},
				"west": {"uv": [1, 7.5, 1.5, 9], "texture": "#9"},
				"up": {"uv": [1, 7.5, 0.5, 7], "texture": "#9"},
				"down": {"uv": [1.5, 7, 1, 7.5], "texture": "#9"}
			}
		},
		{
			"name": "leg3",
			"from": [9, 1.5, -1.5],
			"to": [11, 7.5, 0.5],
			"rotation": {"x": 10, "y": 0, "z": -5, "origin": [10, 4.5, -0.5]},
			"faces": {
				"north": {"uv": [1, 7.5, 0.5, 9], "texture": "#9"},
				"east": {"uv": [1.5, 7.5, 1, 9], "texture": "#9"},
				"south": {"uv": [2, 7.5, 1.5, 9], "texture": "#9"},
				"west": {"uv": [0.5, 7.5, 0, 9], "texture": "#9"},
				"up": {"uv": [0.5, 7.5, 1, 7], "texture": "#9"},
				"down": {"uv": [1, 7, 1.5, 7.5], "texture": "#9"}
			}
		},
		{
			"name": "leg4",
			"from": [5, 1.5, -1.5],
			"to": [7, 7.5, 0.5],
			"rotation": {"x": 10, "y": 0, "z": 5, "origin": [6, 4.5, -0.5]},
			"faces": {
				"north": {"uv": [0.5, 7.5, 1, 9], "texture": "#9"},
				"east": {"uv": [0, 7.5, 0.5, 9], "texture": "#9"},
				"south": {"uv": [1.5, 7.5, 2, 9], "texture": "#9"},
				"west": {"uv": [1, 7.5, 1.5, 9], "texture": "#9"},
				"up": {"uv": [1, 7.5, 0.5, 7], "texture": "#9"},
				"down": {"uv": [1.5, 7, 1, 7.5], "texture": "#9"}
			}
		},
		{
			"from": [7, -3, 13.75],
			"to": [9, -1, 17.75],
			"rotation": {"angle": -42.5, "axis": "x", "origin": [8, 2, 3.5]},
			"faces": {
				"north": {"uv": [7.5, 7.25, 8, 7.75], "texture": "#9"},
				"east": {"uv": [6.5, 7.25, 7.5, 7.75], "texture": "#9"},
				"south": {"uv": [9, 7.25, 9.5, 7.75], "texture": "#9"},
				"west": {"uv": [8, 7.25, 9, 7.75], "texture": "#9"},
				"up": {"uv": [8, 7.25, 7.5, 6.25], "texture": "#9"},
				"down": {"uv": [8.5, 6.25, 8, 7.25], "texture": "#9"}
			}
		},
		{
			"from": [7, -1, 15.75],
			"to": [9, 1, 17.75],
			"rotation": {"angle": -42.5, "axis": "x", "origin": [8, 2, 3.5]},
			"faces": {
				"north": {"uv": [2.5, 7.5, 3, 8], "texture": "#9"},
				"east": {"uv": [2, 7.5, 2.5, 8], "texture": "#9"},
				"south": {"uv": [3.5, 7.5, 4, 8], "texture": "#9"},
				"west": {"uv": [3, 7.5, 3.5, 8], "texture": "#9"},
				"up": {"uv": [3, 7.5, 2.5, 7], "texture": "#9"},
				"down": {"uv": [3.5, 7, 3, 7.5], "texture": "#9"}
			}
		},
		{
			"from": [7, 1, 6.75],
			"to": [9, 3, 17.75],
			"rotation": {"angle": -42.5, "axis": "x", "origin": [8, 2, 3.5]},
			"faces": {
				"north": {"uv": [2.75, 6.5, 3.25, 7], "texture": "#9"},
				"east": {"uv": [0, 6.5, 2.75, 7], "texture": "#9"},
				"south": {"uv": [6, 6.5, 6.5, 7], "texture": "#9"},
				"west": {"uv": [3.25, 6.5, 6, 7], "texture": "#9"},
				"up": {"uv": [3.25, 6.5, 2.75, 3.75], "texture": "#9"},
				"down": {"uv": [3.75, 3.75, 3.25, 6.5], "texture": "#9"}
			}
		}
	],
	"display": {
		"firstperson_righthand": {
			"rotation": [0, 151, 0],
			"translation": [-0.75, 5.5, -3.5]
		},
		"firstperson_lefthand": {
			"rotation": [0, 153, 0],
			"translation": [-0.75, 5.5, -3.5]
		},
		"gui": {
			"rotation": [0, 180, 0]
		},
		"head": {
			"translation": [0, 14.25, 7.5],
			"scale": [1.25, 1.25, 1.25]
		},
		"fixed": {
			"rotation": [-90, 0, 0],
			"translation": [0, 10.5, -11],
			"scale": [2, 2, 2]
		},
		"on_shelf": {
			"rotation": [0, -180, 0],
			"translation": [0, 0, -7.25]
		}
	},
	"groups": [
		{
			"name": "body",
			"origin": [8, 13, 10],
			"color": 0,
			"children": [0]
		},
		{
			"name": "head",
			"origin": [8, 12, 2],
			"color": 0,
			"children": [
				{
					"name": "ear",
					"origin": [0, 0, 0],
					"color": 0,
					"children": [1, 2]
				},
				3,
				4
			]
		},
		{
			"name": "leg1",
			"origin": [11, 6, 15],
			"color": 0,
			"children": [5]
		},
		{
			"name": "leg2",
			"origin": [5, 6, 15],
			"color": 0,
			"children": [6]
		},
		{
			"name": "leg3",
			"origin": [11, 6, 3],
			"color": 0,
			"children": [7]
		},
		{
			"name": "leg4",
			"origin": [5, 6, 3],
			"color": 0,
			"children": [8]
		},
		{
			"name": "tail",
			"origin": [8, 6.25, 20],
			"color": 0,
			"children": [9, 10, 11]
		}
	]
}